igV	1tvdb	1qfpa	-DKVTQSSPDQTVASGSEVVLLCT-YDTV-----YSNPDLFWYRIRP--DYSFQFVFYGD-DS-RSEG-A----DFTQGRFSVKHI---LTQKAFHLVISPVRTEDSATYYCAFTLPP-PTDKLIFG-KGTRVTVEP	TWGVS-SPKNVQGLSGSCLLIPCI-FSYPADVPVSNGITAIWYYDYS---GKRQVVIHS------GD--PKLVDKRFRGRAELM--G-NMDHKVCNLLLKDLKPEDSGTYNFRFEISDS---NRWLDVKGTTVTVTT
AAA	1g41a	1d2na	-SEMTPREIVSELDQHIIGQADAKRAVAIALR-NRWRRMQLQEPLRHEVTPKNILMIGPTGVGKTEIARRLAKLANA-PFIKVEATKFTV----GKEVDSIIRDLTDSAMKLVRQQEIAKNR---------------------------------------------------------------------LIDDEAAKLINPEELKQKAIDAVEQNGIVFIDEIDKICKKG--EYSGADVSREGVQRDLLPLVEGSTVSTKHGMVKTDH-ILFIASGAFQVARPSDLIP-ELQG--RLPIRVELTAL-SAADFERILTEPHASLTEQYKALMATEGVNIAFTTDA-VKKIAEAAFRVNEKTENIGARRLHTVMERLMDKISFSASDMN------------GQTVNIDAAYVADALGEVVENEDLSRFIL	-----E-DYASYIMNGIIKWGDPVTRVLDDGELLVQQTKNSD-----RTPLVSVLLEGPPHSGKTALAAKIAEESNFPFIKICSPDKMIG-----FSETAKCQAMKKIFDDAYK----------------------------------------------------------------------------------------------------SQLSCVVVDDIERLLDYVPIGPR-FS---NLVLQALLVLLKKAPPQ--------GRKLLIIGTTS----RKDVLQEMEMLN--AFSTTIHVPNIATGEQLLEALEL----LG--------------NFKDKE-RTTIAQQVKG---KKVWIGIKKLLMLIEMSLQMD-----------------PEY------RVRKFLALLREEGASPLD-----
DEAD	1d9xa	1qdea	---------------------EGRFQLVAPYEPQGDQPQAIAKLVDGLRRGVKHQTLLGATGTGKTFTISNVIAQVN------KPTLVIAHNKTLAGQLYSELKEFFPHNAVEYFVSYYDYYQPEAYVPQTDTYIEKDAKINDEIDKLRHSATSALFERRDVIIVASVSCIYGLGSPEEYRELVVSLRVGMEIERNALLRRLVDIQYDRNDIFRGTFRVRGDVVEIFPASRDEHCIRVEFFGDEIEAEVDALTGKVLGEREHVAIFPASHFVTREEKMRLAIQNIEQELEERLAELRAQGKLLEAQRLEQRTRYDLEMMREMGFCSGIENYSRHLALRPPGSTPYTLLDYFPDDFLIIVDESHVTLPQLRGMYNGDRARKQVLVDHGFRLPSALDNRPLTFEEFEQKINQIIYVSATPGPYELEHSP------GVVEQIIRP	IQTNYDKVVYKFDDMELDENLLRGVFGYGFEEPSAIQQRAIMPIIE----G-HDVLAQAQSGTGKTGTFSIAALQRIDTSVKAPQALMLAPTRELALQIQKVVMALAFHMDIKVHACI--------------------------------GLR------DAQIVVGTPGRVF------DNIQR-------------------------------------------------------------------------------------------------------------------------------------------------------------------RRFRTDKIKMFILDEADEMLSS------GFKEQIYQIFT--LLPP----------------TTQVVLLSATMPNDVLEVTTKFMRNPVRIL-----
scorptoxin	1vna	1bmr	-KEGYLVKKSDGCKYDCFWLGKNEHCNTECKAKNQGGSYGYCYA-----FACWCEGLPESTPTYPLPNKSC---	VRDGYIAQP-ENCVYHCFP--GSSGCDTLCKEK--GGTSGHCGFKVGHGLACWCNALPDNVGIIVE-GEKCHS-
MHC_II_beta_NC	1fngb	1hdmb	KKVITAFNEGLKGGGGSLVGGGSGGGGSRPWFLEYCKSECHFYNGTQRVRLLVRYFYNLEENLRFDSDVGEFRAVTELGRPDAENWNSQPEFLEQKRAEVDTVCRHNYE-IFDNFLVPRRVEPTVTVYPTKTQPLEHHNLLVCSVSDFYPGNIEVRWFRNGKEEKTGIVSTGLVRNGDWTFQTLVMLETVPQSGEVYTCQVEHPSLTDPVTVEW---	-------------------------------FVAHVESTCLLDDAGTPKDFTYCISFNKDLLTCWDPEENKMAPCNSLANVLSQHLNQKDTLMQRL-NGLQ-NCATHTQ-PFWGSLTNRTRPPSVQVAKTTPFNTREPVMLACYVWGFYPAEVTITWRKNGKLVMHSSAHKTAQPNGDWTYQTLSHLALTPSYGDTYTCVVEHIGAPEPILRDWTPG
rrm	1jmta	1u2fa	------------SQTIALLNIYRNPQDGLRSAVSDVEMQEHYDEFFEEVFTEMEEKYG----------EVEEMNVCDNLG--DHLVGNVYVKFRREEDAEKAVIDLNNRWFNG--QPIHAELSP---------------------------------	------------ARRLYVGNIPF---------------GIT----EEAMMDFFNAQMRLGGLTQAPGNPVLAVQINQD-------KNFAFLEFRSVDETTQAMA-FDGIIFQG--QSLKIRRPHDYQPLPG--------------------------
RuvA	1cuk	1bvsf	MIGRLRGIIIEKQPPLVLIEVGGVGYEVHMPMTCFYELPEAGQEAIVFTHFVVREDAQLLYGFNNKQERTLFKELIKTNGVGPKLALAILSGMSAQQFVNAVEREEVGALVKLPGIGKKTAERLIVEMKDRFKGLHGDLFTPTDDAEQEAVARLVALGYKPQEASRMVSKIARPDASSETLIREALRAAL--	MIFSVRGEVLEVALDHAVIEAAGIGYRVNATPSALATL-NQGSQARLVTAMVVREDSMTLYGFSDAENRDLFLALLSVSGVGPRLAMATLAVHDAAALRAALADSDVASLTRVPGIGARGAERIVLELADKVGP--------GNAVRGSVVEALVGLGFAAKQAEEATDQVLDGEA-TSSALRAALSLLGKT
tRNA_bind	1b7yb	1fl0a	-----FPIPRGVVFARVLEAHPIPGT--RLKRLVLDAG--RTVEVVSGA-ENAR----KGIGVALALPGTELPGLGQKVGERVIQGVRSFGMALSPRELGVGEYG-GGLLEFPEDALPPGTPLSEAWP	----IDVSRLDLRIGCIITARKHPDAD-SLYVEEVDVGEIAPRTVVSGLVNHVPLEQMQNRMVILLCNL----------KPAKMRGVLSQAMVMC----ASSPE-KIEILAPP-NGSVPGDRITFD-A
hormone	1axia	1huw	--TIPLSRLFDNAMLRAHRLHQLAFDTYQEFEEAYIPKEQKYSFLQNP--SLCFSESIPTPSNREETQQKSNLELLRISLLLIQSWLEPVQFLRSVFANSLVYGASDSNVYDLLKDLEERIQTLMGRLTGQIFKQTYSKFDTALLKNYGLLYCFRRDMTYVATYLRIVQCRSVEGSCGF	FPTIPLSRLADNAWLRADRLNQLAFDTYQEFEEAYIPKEQIHSFWWNPQTSLCPSESIPTPSNKEETQQKSNLELLRISLLLIQSWLEPVQFLRSVFANSLVYGASDSNVYDLLKDLEEGIQTLMGRLE-------------ALLKNYGLLYCFNKDMSKVSTYLRTVQCRSVEGSCGF
tubulin	1tuba	1tubb	MRECISIHVGQAGVQIGNACWELYCLEHGIQPDGQ---MPSDKTIGGGDDSFNTFFSETGAGKHVPRAVFVDLEPTVIDEVRTGTYRQLFHPEQLITGK-EDAANNYARGHYTIGKEIIDLVLDRIRKLADQCTGLQGFSVFHSFGGGTGSGFTSLLMERLSVDYGKKSKLEFSIYPAPQVSTAVVEPYNSILTTHTTLEHSDCAFMVDNEAIYDICRRNLDIERPTYTNLNRLIGQIVSSITASLRFDGALNVDLTEFQTNLVPYPRGHFPLATYAPVISAEKAYHEQLSVAEITNACFEPANQMVKCDPRHGKYMACCLLYRGDVVPKDVNAAIATIKTKRTIQFVDWCPTGFKVGINYEPPTVVPGGDLAKVQRAVCMLSNTTAIAEAWARLDHKFDLMYAKRAFVHWYVGEGMEEGEFSEAREDMAALEKDYEEVGVDSV	MREIVHIQAGQCGNQIGAKFWEVISDEHGIDPTGSYHGDSDLQLE--RI---NVYYNEAAGNKYVPRAILVDLEPGTMDSVRSG-PFGQIFRPDNFVFGQSGAGNNWAKGHYTEGAELVDSVLDVVRKESESCDCLQGFQLTHSLGGGTGSGMGTLLISKIREEYPDRIMNTFSVVPSPKVSDTVVEPYNATLSVHQLVENTDETYCIDNEALYDICFRTLKLTTPTYGDLNHLVSATMSGVTTCLRFPGQLNADLRKLAVNMVPFPRLHFFMPGFAPLTSRGSQQYRALTVPELTQQMFDAKNMMAACDPRHGRYLTVAAVFRGRMSMKEVDEQMLNVQNKNSSYFVEWIPNNVKTAVCDIPPR--------GLKMSATFIGNSTAIQELFKRISEQFTAMFRRKAFLHWYTGEGMDEMEFTEAESNMNDLVSEYQQYQD---
MoCF_biosynth	1jlja	1g8la	H-QIRVGVLTVSDS--CFRN-----LAEDRSGINLKDLVQD--PSLLGGTISAYKIVPDEIEEIKETLIDWCDEKELNLILTTGGTGFAPRDVTPEATKEVIEREA--PGMALAMLMGSLNVTPLGMLSRPVCGIRGKTLIINLPGSKKGSQECFQ------------FILPALPHAIDLLRDAIVKVKEVHD----------	-RKVRVALFSTGDELQLPGQPLGDGQIYDTNRLAVHLMLEQL-----GCEVINLGIIRDDPHALRAAFIEADS--QADVVISSGGVSVGEADYTKTILEELGEIAFWKL-------AIK-----PGK--PFAFGKLSNSWFCGLPGNPVSATLTFY-----------QLVQPLLAKLSGNTA--------------------S
Peptidase_S15_N	1ju3a	1lnsa	NYSVASNVMVPMRD-------GVRLAVDLYRPDADGPVPVLLVRNPYDKFDVFAWST------------------------------------------------QSTN-WLEFVRDGYAVVIQDTRGLFASEGEFVPHV-DDEADAEDTLSWILEQ---------------AWCDGNVGMFGVSYLGVTQWQAAVSGVGGLKAIAPSMASADLYRAPWYGPGGALSVE---ALLGWSALIGTGLITSRSDARPEDAADFVQLAAILNDVAGAASVTPLAEQPLLGRLIPWVIDQV-VDHPDNDESWQSISLFERLGGLATPALITAGWYDG--FVGESLRTFVAVKDNADARLVVGPWSHSNLTGRNADRKFGIAATYPIQEATTMHKAFFDRHLRGETDALAGVPKVRLFVMGID-EWRDETDW	LLEREV-LWVESPVDSEQRGENDLIKIQIIRPKSTEKLPVVMTASPYHLGINDKANDLALHDMNVELEEKTSHEIHVEQKLPQKLSAKAKELPIVDKAPYRFTHGWTYSLNDYFLTRGFASIYVAGVGTRSSDGFQTSGDYQQIYSMTAVIDWLNGRARAYTSRKKTHEIKASWANGKVAMTGKSYLGTMAYGAATTGVEGLELILAEAGISSWYN-YYRE-NGLVRSPGGFPGEDLDVLAALTYSRNLD------GADFL------------------KGNAEYEKRLAEMTAALDRKSGDYNQFWHDRNYLINTDKVKADVLIVHGLQDWNVTPEQAYNFWKALPEGHAKHAFLHRGAHIYMNSW-------QSI-----DFSETINAYFVAKLLDRDLNLN-LPPVILQENSKDQVWTMMNDF
fer2	1awd	1b9ra	--YKVTLKTP--SGEETIECPEDTYILDAAEEAGLDLP--YSCR-AGACSSCAGKVESG-EVDQSDQSFLD------DAQMG-------KGFVLTCVAYPT---SDVTILTHQEAALY-	--PRVVFIDE-QSGEYAVDAQDGQSLMEVATQNGVPGI-VAECGGSCVCATCRIEIE------DAWVEIVGEANPDENDLLQSTGEPMTAGTRLSCQVFIDPSMDGLIVRVPLP-A---
PEP-utilizers	1h6za	1zyma	MHPNLEPGAEKANKPIGRGLAASPGAAVGQVVFDAESAKEWSGRGKKVIMVRLETSPEDLA--GMDAACGILTARGGMTSHAAVVARGMGKCCVSGCGDM-VIR--GKSFKLNGSVFRE-GDYITID-GSKGLIYA------------------	-----------------SGILASPGIAFGKALLLKEKIIDLSAIQDEVILVAADLTPSETAQLNLKKVLGFITDAGGRTSHTSIMARSLELPAIVGTGSVTS-------------QVKNDDYLILDAVNNQVYVNPTNEVIDKMRAVQEQVASE
IFN-gamma	1fyha1	1d9ca	MQDPYVKEAENLKKYFNAGHSDVADNGTLFLGILKNWKEESDRKIMQSQIVSFYFKLFKNFKDDQSIQKSVETIKEDMNVKFFNSNKKKRDDFEKLTNYSVTDLNVQRKAIDELIQVMAELGANV	-QGQFFREIENLKEYFNASSPDVAKGGPLFSEILKNWKDESDKKIIQSQIVSFYFKLFENLKDNQVIQRSMDIIKQDMFQKFLNGSSEKLEDFKKLIQIPVDDLQIQRKAINELIKVMNDLS---
dNK	1jaga	1j90a	G-PRRLSIEGNIAVGKSTFVKLLTKTYPEWHVATEPVATWQNIQLGNLLDMMYREPARWSYTFQTFSFLSRLKVQLEPFPEKLLQARKPVQIFERSVYSDRYIFAKNLFENGSLSDIEWHIYQDWHSFLLWEFASRITLHGFIYLQASPQVCLKRLYQRAREEEKGIELAYLEQLHGQHEAWLIHKTTKLHFEALMNIPVLVLDVNDDFSEEVTKQEDLMREVNTFVKNL	TQPFTVLIEGNIGSGKTTYLNHFEKYKNDICLLTEPVEKWRNVNGVNLLELMYKDPKKWAMPFQSYVTLTMLQSHTAPT-NK------KLKIMERSIFSARYCFVENMRRNGSLEQGMYNTLEEWYKFIEESI--HVQADLIIYLRTSPEVAYERIRQRARSEESCVPLKYLQELHELHEDWLIHQRRP------QSCKVLVLDADLNLE--------------------
bac_lipase	1cvl	4lipd	ADTYAATRYPVILVHGLAGTDKFANVVDYWYGIQSDLQSHGAKVYVANLSGFQSDDGPNGRGEQLLAYVKQVLAATGATKVNLIGHSQGGLTSRYVAAVAPQLVASVTTIGTPHRGSEFADFVQDVLKTDPTGLSSTVIAAFVNVFGTLVSSSHNTDQDALAALRTLTTAQTATYNRNFPSAGLGAPGSCQTGAATETVGGSQHLLYSWGGTAIQPTST---VTGATDTSTG-TLDVANVTDPSTLALLATGAVMINRASGQNDGLVSRCSSLFGQVISTSYHWNHLDEINQLLGVRGANAEDPVAVIRTHVNRLKLQGV	-DNYAATRYPIILVHGLTGTDKYAGVLEYWYGIQEDLQQRGATVYVANLSGFQSDDGPNGRGEQLLAYVKTVLAATGATKVNLVGHSQGGLTSRYVAAVAPDLVASVTTIGTPHRGSEFADFVQGVLAYDPTGLSSTVIAAFVNVFGILTSSSNNTNQDALAALKTLTTAQAATYNQNYPSAGLGAPGSCQTGAPTETVGGNTHLLYSWAGTAIQPTISVFGVTGATDTSTIPLVDPANALDPSTLALFGTGTVMVNRGSGQNDGVVSKCSALYGQVLSTSYKWNHLDEINQLLGVRGANAEDPVAVIRTHANRLKLAGV
Sec7	1bc9	1pbv	----MKNMQRNKQVAMGRKKFNMDPKKGIQFLIENDLLKNTCEDIAQFLYKGEGLNKTAIGDYLGERDEFNIQVLHAFVELHEFTDLNLVQALRQFLWSFRLPGEAQKIDRMMEAFAQRYCQCNNGVFQSTDTCYVLSFAIIMLNTSLHNPNVKDKPTVERFIAMNRGINDGGDLPEELLRNLYESIKNEPFKIPELEHHHHHH	ANEGSKTLQRNRKMAMGRKKFNMDPKKGIQFLVENELLQNTPEEIARFLYKGEGLNKTAIGDYLGEREELNLAVLHAFVDLHEFTDLNLVQALRQFLWSFRLPGEAQKIDRMMEAFAQRYCLCNPGVFQSTDTCYVLSFAVIMLNTSLHNPNVRDKPGLERFVAMNRGINEGGDLPEELLRNLYDSIRNEPFKIP---------
eIF-5a	2eifa	1bkb	AAAAAPGTKQVNVGSLKVGQYVMIDGVPCEIVDISVSKPGKHGGAKARVVGIGIFEKVKKEFVAPTSSKVEVPIIDRRKGQVLAIMGDMVQIMDLQTYETLELP--IPEG-IEGLEPGGEVEYIEAVGQYKITRVI-	---KWVSTKYVEAGELKEGSYVVIDGEPCRVVEIEKSKTGKHGSAKARIVAVGVFDGGKRTLSLPVDAQVEVPIIEKFTAQILSVSGDVIQLDR--DYKTIEVPKYVEEEAKGRLAPGAEVEVWQILDRYKIIRVKG
ATP-gua_Ptrans	1crka	1bg0	TV-HEKRKLFPPSADYPDLRKHNNCMAECLTPAIYAKLRDKLTPNGYSLDQCIQTGVDNPGHPFIKTVGMVAGDEESYEVFAEIFDPVIKARHNGYDPRTMKHHTDLDASKITHG-QFDE--RYVLSSRVRTGRSIRGLSLPPACSRAERREVENVVVTALAGLKGDLSGKYYSLTNMSERDQQQLIDDHFLFDKPVSPLLTCAGMARDWPDARGIWHNNDKTFLVWINEEDHTRVISMEKGGNMKRVFERFCRGLKEVERLIKERGWEFMWNERLGYVLTCPSNLGTGLRAGVHVKLPRLSKDP-RFPKILENLRLQKRGTGGVDTAAVADVYDISNLDRMGRSEVELVQIVIDGVNYLVDCEKKLEKGQDIKVPPPLPQFGRK	VDQATLDKLEAGFKKLQEASDCKSLLKKHLTKDVFDSIKNKKTGMGATLLDVIQSGVENL----DSGVGIYAPDAESYRTFGPLFDPIIDDYHGGFKL-TDKHPPK-QWGDINTLVGLDPAGQFIISTRVRCGRSLQGYPFNPCLTAEQYKEMEEKVSSTLSSMEDELKGTYYPLTGMSKATQQQLIDDHFLFKE-GDRFLQTANACRYWPTGRGIFHNDAKTFLVWVNEEDHLRIISMQKGGDLKTVYKRLVTAVDNIESKL-----PFSHDDRFGFLTFCPTNLGTTMRASVHIQLPKLAKDRKVLEDIASKFNLQVRGTRGEHTESEGGVYDISNKRRLGLTEYQAVREMQDGILEMIKMEKAAA-----------------
SPEC	2spca	1aj3	QNLDLQLYMRDCELAESWMSAREAFLNADDDANAGGN--VEALIKKHEDFDKAINGHEQKIAALQTVADQLIAQN/HYASNLVDEKRKQVLERWRHLKEGLIEKRSRLGD	-----HQFFRDMDDEESWIKEKKLLVSSEDY--GRDLTGVQNLRKKHKRLEAELAAHEPAIQGVLDTGKKLSDDN-TIGKEEIQQRLAQFVDHWKELKQLAAARGQ----
MutS_N	1ewqa	1e3ma	EGLKGEGPG---PLPPLLQQYVELRDQYPDYLLLFQVGDFYECFGEDAERLARALGLVLTHKTSK-DFTTPAGIPLRAFEAYAERLLK-GFRLAVADQVEPAEEAEGLVRREVTQLLTPGT	-----SAIENFDAHTP--QQYLRLKAQHPEILLFYR-GDFYELFYDDAKRASQLLDISLTKRGASAGEPIPAGIPYHAVENYLAKLVNQGESVAICEQIGDPATSKGPVERKVVRIVTP--
ATP-synt_DE_N	1fs0e	1e79h	AMTYHLDVVSAEQQMFS-GLVEKIQVTGSEGELGIYPGHAPLLTAIKPGMIRIVKQHGHEEFIYLSGGILEVQP-GNVTVLADTAIRG	--QMSFTFASPTQVFFNSANVRQVDVPTQTGAFGILAAHVPTLQVLRPGLVVVHAEDGTTSKYFVSSGSVTVNADSSVQLLAEEAVTL
ghf34	1ncan	1nsba	IREFNNLTKGLCTINSWHIYGKDNAVRIGED---SDVLVTREPYVSCDPDECRFYALSQGTTIRGKHSNGTIHDRSQYRDLISWPLSSPPTVYNSRVECIGWSSTSCHDGRARMSICISGPNNNASAVIWYNRRPVTEINTWARNILRTQESECVCQNGVCPVVFTDGSATGPAETRIYYFKEGKILKWEPLTGTAKHIEECSCYGE-QAGVTCTCRDNWQGSNRPVIQIDPVAMTHTSQYICSPVLTDNPRPNDPT-VGKCNDPYPGNNNNGVKGFSYLD----GGNTWLGRTISIASRSGYEMLKVPN--ALTDDRSK-PTQGQTIVLNTDWSGYSGSFMDYWAEGECYRACFYVELIRGRPKEDKVWWTSNSIVSMCSSTEFLGQWNWPDGAKIEYFL-	EPEWTYP-RLSCQGSTFQKALLISPHRFGEARGNSAPLIIREPFIACGPKECKHFALTHYAAQPGGYYNGTREDRNKLRHLISVKLGKIPTVENSIFHMAAWSGSACHDGREWTYIGVDGPDSNALIKIKYGEAYTDTYHSYANNILRTQESACNCIGGDCYLMITDGSASGISKCRFLKIREGRIIKEIFPTGRVEHTEECTCGFASNKTIECACRDNSYTAKRPFVKLNVETDTAEIRLMCTETYLDTPRPDDGSITGPCE-SNGDKGRGGIKGGFVHQRMASKIGRWYSRTMSKTERMGMELYVRYDGDPWTDS-DA-LAHSGVMVSMKEPGWYSFGFEIK-DK-KCDVPCIGIEMVHDG--GKK-TWHSAATAIYCLMGSGQLLWDTVTGVDMAL---
igI	1vcaa	1itbb3	---------FKIETT--PESRYLAQIGDSVSLTCSTTG-CE-----SPFFSWRTQIDSPLN-----GKVTNE-----------GTTSTLTMNPVSFGNE-HSYLCTATCE----SRKLEKGIQVEIYSF--------PKDP	------PTRPVIVSP--ANETMEVDLGSQIQLICNVTG-QL-----SDIAYWKWNG-SVIDEDDPVLGEDYYSVENPANKRRSTLITVLNISEIESRFYKHPFTCFAKNT----HGIDAAYIQLIYPVT------------
