1g3i-IF0	(AAA_2)(Proteasome)1
1kyi-IF1	(AAA_2)(Proteasome)1
1ofh-IF6	(AAA_2)(Proteasome)1
1ofi-IF9	(AAA_2)(Proteasome)1
1g4b-IF12	(AAA_2)(Proteasome)1
1ofi-IF28	(AAA_2)(Proteasome)4
5vit-IF31	(ACP)(Mal_decarbox_Al)1
5vj1-IF35	(ACP)(Mal_decarbox_Al)1
7unf-IF106	(ATP-synt_C)(Renin_r)1
7u8r-IF107	(ATP-synt_C)(Renin_r)1
7u8q-IF108	(ATP-synt_C)(Renin_r)1
7u8p-IF111	(ATP-synt_C)(Renin_r)1
7u8o-IF114	(ATP-synt_C)(Renin_r)1
7u4t-IF117	(ATP-synt_C)(Renin_r)1
6wm4-IF126	(ATP-synt_C)(Renin_r)1
6wm3-IF129	(ATP-synt_C)(Renin_r)1
6wm2-IF132	(ATP-synt_C)(Renin_r)1
6wlw-IF135	(ATP-synt_C)(Renin_r)1
6xby-IF141	(ATP-synt_C)(Renin_r)1
6xbw-IF142	(ATP-synt_C)(Renin_r)1
7khr-IF145	(ATP-synt_C)(Renin_r)1
6vqh-IF147	(ATP-synt_C)(Renin_r)1
6vqg-IF149	(ATP-synt_C)(Renin_r)1
6vqc-IF151	(ATP-synt_C)(Renin_r)1
6vq7-IF152	(ATP-synt_C)(Renin_r)1
6vq8-IF159	(ATP-synt_C)(Renin_r)1
6vq6-IF164	(ATP-synt_C)(Renin_r)1
6zqm-IF171	(ATP-synt_G)(Mt_ATP-synt_B)1
7ajb-IF172	(ATP-synt_G)(Mt_ATP-synt_B)1
7ajc-IF174	(ATP-synt_G)(Mt_ATP-synt_B)1
7ajd-IF176	(ATP-synt_G)(Mt_ATP-synt_B)1
7aje-IF178	(ATP-synt_G)(Mt_ATP-synt_B)1
7ajf-IF180	(ATP-synt_G)(Mt_ATP-synt_B)1
7ajg-IF182	(ATP-synt_G)(Mt_ATP-synt_B)1
7ajh-IF184	(ATP-synt_G)(Mt_ATP-synt_B)1
7aji-IF186	(ATP-synt_G)(Mt_ATP-synt_B)1
7ajj-IF188	(ATP-synt_G)(Mt_ATP-synt_B)1
6zpo-IF190	(ATP-synt_G)(Mt_ATP-synt_B)1
6zqn-IF191	(ATP-synt_G)(Mt_ATP-synt_B)1
6tt7-IF192	(ATP-synt_G)(Mt_ATP-synt_B)1
6ziq-IF193	(ATP-synt_G)(Mt_ATP-synt_B)1
6zit-IF194	(ATP-synt_G)(Mt_ATP-synt_B)1
6zmr-IF195	(ATP-synt_G)(Mt_ATP-synt_B)1
6za9-IF196	(ATP-synt_G)(Mt_ATP-synt_B)1
6zbb-IF197	(ATP-synt_G)(Mt_ATP-synt_B)1
6ziu-IF198	(ATP-synt_G)(Mt_ATP-synt_B)1
7m74-IF37	(AdenylateSensor)(AMPKBI)1
7jij-IF38	(AdenylateSensor)(AMPKBI)1
7jhh-IF39	(AdenylateSensor)(AMPKBI)1
4cfe-IF40	(AdenylateSensor)(AMPKBI)1
2ooy-IF42	(AdenylateSensor)(AMPKBI)1
7jhg-IF43	(AdenylateSensor)(AMPKBI)1
6c9h-IF44	(AdenylateSensor)(AMPKBI)1
5kq5-IF45	(AdenylateSensor)(AMPKBI)1
5t5t-IF46	(AdenylateSensor)(AMPKBI)1
5ufu-IF47	(AdenylateSensor)(AMPKBI)1
6c9j-IF48	(AdenylateSensor)(AMPKBI)1
6e4t-IF49	(AdenylateSensor)(AMPKBI)1
6e4u-IF50	(AdenylateSensor)(AMPKBI)1
6e4w-IF51	(AdenylateSensor)(AMPKBI)1
6c9g-IF52	(AdenylateSensor)(AMPKBI)1
6c9f-IF53	(AdenylateSensor)(AMPKBI)1
6b2e-IF54	(AdenylateSensor)(AMPKBI)1
6b1u-IF55	(AdenylateSensor)(AMPKBI)1
4zhx-IF56	(AdenylateSensor)(AMPKBI)1
4cff-IF57	(AdenylateSensor)(AMPKBI)1
5ezv-IF59	(AdenylateSensor)(AMPKBI)1
7myj-IF61	(AdenylateSensor)(AMPKBI)1
5iso-IF62	(AdenylateSensor)(AMPKBI)1
4rew-IF63	(AdenylateSensor)(AMPKBI)1
4rer-IF64	(AdenylateSensor)(AMPKBI)1
4eak-IF65	(AdenylateSensor)(AMPKBI)1
4eal-IF66	(AdenylateSensor)(AMPKBI)1
4eai-IF67	(AdenylateSensor)(AMPKBI)1
4eaj-IF68	(AdenylateSensor)(AMPKBI)1
4eag-IF69	(AdenylateSensor)(AMPKBI)1
3tdh-IF70	(AdenylateSensor)(AMPKBI)1
3te5-IF71	(AdenylateSensor)(AMPKBI)1
3t4n-IF72	(AdenylateSensor)(AMPKBI)1
2ya3-IF73	(AdenylateSensor)(AMPKBI)1
2y8q-IF74	(AdenylateSensor)(AMPKBI)1
2y8l-IF75	(AdenylateSensor)(AMPKBI)1
2v9j-IF76	(AdenylateSensor)(AMPKBI)1
2v92-IF77	(AdenylateSensor)(AMPKBI)1
2v8q-IF78	(AdenylateSensor)(AMPKBI)1
2qlv-IF80	(AdenylateSensor)(AMPKBI)1
2qrd-IF82	(AdenylateSensor)(AMPKBI)1
2qre-IF83	(AdenylateSensor)(AMPKBI)1
2qr1-IF85	(AdenylateSensor)(AMPKBI)1
2qrc-IF87	(AdenylateSensor)(AMPKBI)1
2oox-IF89	(AdenylateSensor)(AMPKBI)1
4cfh-IF91	(AdenylateSensor)(AMPKBI)1
4hi9-IF95	(Ank_2)(LIM)1
3f6q-IF96	(Ank_2)(LIM)1
4hi8-IF97	(Ank_2)(LIM)1
3ixe-IF98	(Ank_2)(LIM)1
4hi9-IF102	(Ank_2)(LIM)2
3f6q-IF103	(Ank_2)(LIM)2
4hi8-IF104	(Ank_2)(LIM)2
3ixe-IF105	(Ank_2)(LIM)2
7zz8-IF200	(Biotin_carb_N)(PYC_OADA)1
7zz3-IF201	(Biotin_carb_N)(PYC_OADA)1
7zyy-IF202	(Biotin_carb_N)(PYC_OADA)1
3hbl-IF206	(Biotin_carb_N)(PYC_OADA)1
4qsl-IF209	(Biotin_carb_N)(PYC_OADA)1
4qsk-IF210	(Biotin_carb_N)(PYC_OADA)1
4qsh-IF211	(Biotin_carb_N)(PYC_OADA)1
3tw7-IF212	(Biotin_carb_N)(PYC_OADA)1
3tw6-IF214	(Biotin_carb_N)(PYC_OADA)1
3ho8-IF218	(Biotin_carb_N)(PYC_OADA)1
2qf7-IF219	(Biotin_carb_N)(PYC_OADA)1
5vyz-IF221	(Biotin_carb_N)(PYC_OADA)1
5vz0-IF224	(Biotin_carb_N)(PYC_OADA)1
5vyw-IF228	(Biotin_carb_N)(PYC_OADA)1
3hb9-IF230	(Biotin_carb_N)(PYC_OADA)1
4hnt-IF234	(Biotin_carb_N)(PYC_OADA)1
4hnu-IF238	(Biotin_carb_N)(PYC_OADA)1
4hnv-IF242	(Biotin_carb_N)(PYC_OADA)1
3bg5-IF247	(Biotin_carb_N)(PYC_OADA)1
6mzg-IF264	(CLASP_N)(Tubulin)1
6mze-IF268	(CLASP_N)(Tubulin)1
6mzf-IF269	(CLASP_N)(Tubulin)1
4u3j-IF270	(CLASP_N)(Tubulin)1
4ffb-IF271	(CLASP_N)(Tubulin)1
6omf-IF272	(Crl)(Sigma70_r1_2)1
6kj6-IF273	(Crl)(Sigma70_r1_2)1
7d6x-IF294	(FAD_binding_2)(Fer2_3)1
7d6v-IF295	(FAD_binding_2)(Fer2_3)1
6myr-IF296	(FAD_binding_2)(Fer2_3)1
3abv-IF297	(FAD_binding_2)(Fer2_3)1
3ae2-IF298	(FAD_binding_2)(Fer2_3)1
3ae8-IF299	(FAD_binding_2)(Fer2_3)1
3ae9-IF300	(FAD_binding_2)(Fer2_3)1
3aeb-IF301	(FAD_binding_2)(Fer2_3)1
3aeg-IF302	(FAD_binding_2)(Fer2_3)1
6mys-IF303	(FAD_binding_2)(Fer2_3)1
6myq-IF304	(FAD_binding_2)(Fer2_3)1
1yq3-IF305	(FAD_binding_2)(Fer2_3)1
2h89-IF306	(FAD_binding_2)(Fer2_3)1
4yxd-IF307	(FAD_binding_2)(Fer2_3)1
6myt-IF308	(FAD_binding_2)(Fer2_3)1
6myu-IF309	(FAD_binding_2)(Fer2_3)1
6myo-IF310	(FAD_binding_2)(Fer2_3)1
6myp-IF311	(FAD_binding_2)(Fer2_3)1
6lum-IF312	(FAD_binding_2)(Fer2_3)1
3cir-IF314	(FAD_binding_2)(Fer2_3)1
2b76-IF316	(FAD_binding_2)(Fer2_3)1
5c2t-IF317	(FAD_binding_2)(Fer2_3)1
4yt0-IF318	(FAD_binding_2)(Fer2_3)1
4ytn-IF319	(FAD_binding_2)(Fer2_3)1
2wu2-IF320	(FAD_binding_2)(Fer2_3)1
2wu5-IF321	(FAD_binding_2)(Fer2_3)1
2wp9-IF322	(FAD_binding_2)(Fer2_3)1
2wdr-IF323	(FAD_binding_2)(Fer2_3)1
2wdv-IF324	(FAD_binding_2)(Fer2_3)1
2ws3-IF325	(FAD_binding_2)(Fer2_3)1
2wdq-IF326	(FAD_binding_2)(Fer2_3)1
1nek-IF327	(FAD_binding_2)(Fer2_3)1
1nen-IF328	(FAD_binding_2)(Fer2_3)1
2acz-IF329	(FAD_binding_2)(Fer2_3)1
1kfy-IF331	(FAD_binding_2)(Fer2_3)1
3p4p-IF333	(FAD_binding_2)(Fer2_3)1
3p4q-IF335	(FAD_binding_2)(Fer2_3)1
4kx6-IF337	(FAD_binding_2)(Fer2_3)1
3p4r-IF339	(FAD_binding_2)(Fer2_3)1
1kf6-IF341	(FAD_binding_2)(Fer2_3)1
5xmj-IF345	(FAD_binding_2)(Fer2_3)1
4ysx-IF346	(FAD_binding_2)(Fer2_3)1
3vr8-IF347	(FAD_binding_2)(Fer2_3)1
3vrb-IF349	(FAD_binding_2)(Fer2_3)1
3vra-IF351	(FAD_binding_2)(Fer2_3)1
3vr9-IF353	(FAD_binding_2)(Fer2_3)1
3p4s-IF355	(FAD_binding_2)(Fer2_3)1
2h88-IF356	(FAD_binding_2)(Fer2_3)1
2fbw-IF357	(FAD_binding_2)(Fer2_3)1
2wqy-IF358	(FAD_binding_2)(Fer2_3)1
2bs3-IF359	(FAD_binding_2)(Fer2_3)1
2bs4-IF360	(FAD_binding_2)(Fer2_3)1
2bs2-IF361	(FAD_binding_2)(Fer2_3)1
1qlb-IF362	(FAD_binding_2)(Fer2_3)1
1e7p-IF363	(FAD_binding_2)(Fer2_3)1
5vpn-IF365	(FAD_binding_2)(Fer2_3)1
5c3j-IF366	(FAD_binding_2)(Fer2_3)1
4ysy-IF367	(FAD_binding_2)(Fer2_3)1
4ysz-IF368	(FAD_binding_2)(Fer2_3)1
4ytm-IF369	(FAD_binding_2)(Fer2_3)1
6awf-IF370	(FAD_binding_2)(Fer2_3)1
7jz2-IF371	(FAD_binding_2)(Fer2_3)1
6wu6-IF372	(FAD_binding_2)(Fer2_3)1
1zoy-IF373	(FAD_binding_2)(Fer2_3)1
1zp0-IF374	(FAD_binding_2)(Fer2_3)1
3aee-IF375	(FAD_binding_2)(Fer2_3)1
3sfd-IF376	(FAD_binding_2)(Fer2_3)1
3sfe-IF377	(FAD_binding_2)(Fer2_3)1
3aef-IF378	(FAD_binding_2)(Fer2_3)1
3ae1-IF379	(FAD_binding_2)(Fer2_3)1
3ae3-IF380	(FAD_binding_2)(Fer2_3)1
3ae4-IF381	(FAD_binding_2)(Fer2_3)1
3ae5-IF382	(FAD_binding_2)(Fer2_3)1
3ae6-IF383	(FAD_binding_2)(Fer2_3)1
3ae7-IF384	(FAD_binding_2)(Fer2_3)1
3aea-IF385	(FAD_binding_2)(Fer2_3)1
3aed-IF386	(FAD_binding_2)(Fer2_3)1
3aec-IF387	(FAD_binding_2)(Fer2_3)1
4ytp-IF388	(FAD_binding_2)(Fer2_3)1
1yq4-IF389	(FAD_binding_2)(Fer2_3)1
1l0v-IF391	(FAD_binding_2)(Fer2_3)1
5c3j-IF417	(FAD_binding_2)(Fer2_3)2
4ysy-IF418	(FAD_binding_2)(Fer2_3)2
4ysz-IF419	(FAD_binding_2)(Fer2_3)2
4ytm-IF420	(FAD_binding_2)(Fer2_3)2
4ysx-IF421	(FAD_binding_2)(Fer2_3)2
3vr8-IF422	(FAD_binding_2)(Fer2_3)2
3vra-IF423	(FAD_binding_2)(Fer2_3)2
4ytn-IF424	(FAD_binding_2)(Fer2_3)2
3vrb-IF425	(FAD_binding_2)(Fer2_3)2
3vr9-IF426	(FAD_binding_2)(Fer2_3)2
5xmj-IF427	(FAD_binding_2)(Fer2_3)2
5c3j-IF428	(FAD_binding_2)(Fer2_3)3
4ysy-IF429	(FAD_binding_2)(Fer2_3)3
4ysz-IF430	(FAD_binding_2)(Fer2_3)3
4ytm-IF431	(FAD_binding_2)(Fer2_3)3
5c2t-IF432	(FAD_binding_2)(Fer2_3)3
4yt0-IF433	(FAD_binding_2)(Fer2_3)3
4ytn-IF434	(FAD_binding_2)(Fer2_3)3
4ysx-IF435	(FAD_binding_2)(Fer2_3)3
3vr8-IF436	(FAD_binding_2)(Fer2_3)3
3vrb-IF437	(FAD_binding_2)(Fer2_3)3
3vra-IF438	(FAD_binding_2)(Fer2_3)3
3vr9-IF439	(FAD_binding_2)(Fer2_3)3
7aml-IF441	(GDNF)(RET_CLD3)1
6q2s-IF442	(GDNF)(RET_CLD3)1
6q2n-IF443	(GDNF)(RET_CLD3)1
6q2j-IF445	(GDNF)(RET_CLD3)1
6gl7-IF446	(GDNF)(RET_CLD3)1
6q2r-IF447	(GDNF)(RET_CLD3)1
6q2o-IF448	(GDNF)(RET_CLD3)1
4ux8-IF449	(GDNF)(RET_CLD3)1
8dhb-IF458	(Gtr1_RagA)(LAMTOR)1
7t3c-IF460	(Gtr1_RagA)(LAMTOR)1
7t3b-IF461	(Gtr1_RagA)(LAMTOR)1
7t3a-IF462	(Gtr1_RagA)(LAMTOR)1
6ulg-IF463	(Gtr1_RagA)(LAMTOR)1
6u62-IF464	(Gtr1_RagA)(LAMTOR)1
6nzd-IF465	(Gtr1_RagA)(LAMTOR)1
6jwp-IF467	(Gtr1_RagA)(LAMTOR)1
6ehr-IF468	(Gtr1_RagA)(LAMTOR)1
5x6v-IF469	(Gtr1_RagA)(LAMTOR)1
6wj3-IF470	(Gtr1_RagA)(LAMTOR)1
6wj2-IF471	(Gtr1_RagA)(LAMTOR)1
3zjy-IF472	(Importin_rep)(Ras)1
2x19-IF475	(Importin_rep)(Ras)1
7d4i-IF476	(KH_6)(MPP6)1
6fsz-IF477	(KH_6)(MPP6)1
5vzj-IF478	(KH_6)(MPP6)1
5okz-IF479	(KH_6)(MPP6)1
6h25-IF480	(KH_6)(MPP6)1
6d6r-IF481	(KH_6)(MPP6)1
6d6q-IF482	(KH_6)(MPP6)1
1mk2-IF483	(MH2)(SARA)1
1dev-IF484	(MH2)(SARA)1
7qi4-IF486	(MRP-63)(Ribosomal_L30)1
7qh7-IF487	(MRP-63)(Ribosomal_L30)1
7qh6-IF488	(MRP-63)(Ribosomal_L30)1
7po4-IF489	(MRP-63)(Ribosomal_L30)1
6zsa-IF490	(MRP-63)(Ribosomal_L30)1
7pd3-IF491	(MRP-63)(Ribosomal_L30)1
7oie-IF492	(MRP-63)(Ribosomal_L30)1
7oid-IF493	(MRP-63)(Ribosomal_L30)1
7oic-IF494	(MRP-63)(Ribosomal_L30)1
7oib-IF495	(MRP-63)(Ribosomal_L30)1
7oia-IF496	(MRP-63)(Ribosomal_L30)1
7oi9-IF497	(MRP-63)(Ribosomal_L30)1
7oi8-IF498	(MRP-63)(Ribosomal_L30)1
7oi7-IF499	(MRP-63)(Ribosomal_L30)1
7oi6-IF500	(MRP-63)(Ribosomal_L30)1
7of7-IF501	(MRP-63)(Ribosomal_L30)1
7of6-IF502	(MRP-63)(Ribosomal_L30)1
7of5-IF503	(MRP-63)(Ribosomal_L30)1
7of4-IF504	(MRP-63)(Ribosomal_L30)1
7of3-IF505	(MRP-63)(Ribosomal_L30)1
7of2-IF506	(MRP-63)(Ribosomal_L30)1
7of0-IF507	(MRP-63)(Ribosomal_L30)1
7odt-IF508	(MRP-63)(Ribosomal_L30)1
7ods-IF509	(MRP-63)(Ribosomal_L30)1
7odr-IF510	(MRP-63)(Ribosomal_L30)1
7o9m-IF511	(MRP-63)(Ribosomal_L30)1
7o9k-IF512	(MRP-63)(Ribosomal_L30)1
7nsj-IF513	(MRP-63)(Ribosomal_L30)1
7nsi-IF514	(MRP-63)(Ribosomal_L30)1
7nsh-IF515	(MRP-63)(Ribosomal_L30)1
7nql-IF516	(MRP-63)(Ribosomal_L30)1
7nqh-IF517	(MRP-63)(Ribosomal_L30)1
7l20-IF518	(MRP-63)(Ribosomal_L30)1
7l08-IF519	(MRP-63)(Ribosomal_L30)1
6i9r-IF520	(MRP-63)(Ribosomal_L30)1
7a5k-IF521	(MRP-63)(Ribosomal_L30)1
7a5j-IF522	(MRP-63)(Ribosomal_L30)1
7a5i-IF523	(MRP-63)(Ribosomal_L30)1
7a5h-IF524	(MRP-63)(Ribosomal_L30)1
7a5g-IF525	(MRP-63)(Ribosomal_L30)1
7a5f-IF526	(MRP-63)(Ribosomal_L30)1
6zsg-IF527	(MRP-63)(Ribosomal_L30)1
6zse-IF528	(MRP-63)(Ribosomal_L30)1
6zsd-IF529	(MRP-63)(Ribosomal_L30)1
6zsc-IF530	(MRP-63)(Ribosomal_L30)1
6zsb-IF531	(MRP-63)(Ribosomal_L30)1
6zs9-IF532	(MRP-63)(Ribosomal_L30)1
6zm6-IF533	(MRP-63)(Ribosomal_L30)1
7og4-IF534	(MRP-63)(Ribosomal_L30)1
6zm5-IF535	(MRP-63)(Ribosomal_L30)1
6ydw-IF536	(MRP-63)(Ribosomal_L30)1
6ydp-IF537	(MRP-63)(Ribosomal_L30)1
6vmi-IF538	(MRP-63)(Ribosomal_L30)1
6vlz-IF539	(MRP-63)(Ribosomal_L30)1
6nu3-IF540	(MRP-63)(Ribosomal_L30)1
6nu2-IF541	(MRP-63)(Ribosomal_L30)1
6gb2-IF542	(MRP-63)(Ribosomal_L30)1
6gaw-IF543	(MRP-63)(Ribosomal_L30)1
5oom-IF544	(MRP-63)(Ribosomal_L30)1
5ool-IF545	(MRP-63)(Ribosomal_L30)1
5aj4-IF546	(MRP-63)(Ribosomal_L30)1
3j9m-IF547	(MRP-63)(Ribosomal_L30)1
3j7y-IF548	(MRP-63)(Ribosomal_L30)1
7qi4-IF549	(MRP-L27)(MRP-L47)1
7qh7-IF550	(MRP-L27)(MRP-L47)1
7qh6-IF551	(MRP-L27)(MRP-L47)1
7po4-IF552	(MRP-L27)(MRP-L47)1
6zsa-IF553	(MRP-L27)(MRP-L47)1
7pd3-IF554	(MRP-L27)(MRP-L47)1
7oie-IF555	(MRP-L27)(MRP-L47)1
7oid-IF556	(MRP-L27)(MRP-L47)1
7oic-IF557	(MRP-L27)(MRP-L47)1
7oib-IF558	(MRP-L27)(MRP-L47)1
7oia-IF559	(MRP-L27)(MRP-L47)1
7oi9-IF560	(MRP-L27)(MRP-L47)1
7oi8-IF561	(MRP-L27)(MRP-L47)1
7oi7-IF562	(MRP-L27)(MRP-L47)1
7oi6-IF563	(MRP-L27)(MRP-L47)1
7of7-IF564	(MRP-L27)(MRP-L47)1
7of6-IF565	(MRP-L27)(MRP-L47)1
7of5-IF566	(MRP-L27)(MRP-L47)1
7of4-IF567	(MRP-L27)(MRP-L47)1
7of3-IF568	(MRP-L27)(MRP-L47)1
7of2-IF569	(MRP-L27)(MRP-L47)1
7of0-IF570	(MRP-L27)(MRP-L47)1
7odt-IF571	(MRP-L27)(MRP-L47)1
7ods-IF572	(MRP-L27)(MRP-L47)1
7odr-IF573	(MRP-L27)(MRP-L47)1
7o9m-IF574	(MRP-L27)(MRP-L47)1
7o9k-IF575	(MRP-L27)(MRP-L47)1
7nsj-IF576	(MRP-L27)(MRP-L47)1
7nsi-IF577	(MRP-L27)(MRP-L47)1
7nsh-IF578	(MRP-L27)(MRP-L47)1
7nql-IF579	(MRP-L27)(MRP-L47)1
7nqh-IF580	(MRP-L27)(MRP-L47)1
7l20-IF581	(MRP-L27)(MRP-L47)1
7l08-IF582	(MRP-L27)(MRP-L47)1
6i9r-IF583	(MRP-L27)(MRP-L47)1
7a5k-IF584	(MRP-L27)(MRP-L47)1
7a5j-IF585	(MRP-L27)(MRP-L47)1
7a5i-IF586	(MRP-L27)(MRP-L47)1
7a5h-IF587	(MRP-L27)(MRP-L47)1
7a5g-IF588	(MRP-L27)(MRP-L47)1
7a5f-IF589	(MRP-L27)(MRP-L47)1
6zsg-IF590	(MRP-L27)(MRP-L47)1
6zse-IF591	(MRP-L27)(MRP-L47)1
6zsd-IF592	(MRP-L27)(MRP-L47)1
6zsc-IF593	(MRP-L27)(MRP-L47)1
6zsb-IF594	(MRP-L27)(MRP-L47)1
6zs9-IF595	(MRP-L27)(MRP-L47)1
6zm6-IF596	(MRP-L27)(MRP-L47)1
7og4-IF597	(MRP-L27)(MRP-L47)1
6zm5-IF598	(MRP-L27)(MRP-L47)1
6z1p-IF599	(MRP-L27)(MRP-L47)1
6ywy-IF600	(MRP-L27)(MRP-L47)1
6ywx-IF601	(MRP-L27)(MRP-L47)1
6ywv-IF602	(MRP-L27)(MRP-L47)1
6yws-IF603	(MRP-L27)(MRP-L47)1
6ywe-IF604	(MRP-L27)(MRP-L47)1
6ydw-IF605	(MRP-L27)(MRP-L47)1
6ydp-IF606	(MRP-L27)(MRP-L47)1
6vmi-IF607	(MRP-L27)(MRP-L47)1
6vlz-IF608	(MRP-L27)(MRP-L47)1
6nu3-IF609	(MRP-L27)(MRP-L47)1
6gb2-IF610	(MRP-L27)(MRP-L47)1
6gaw-IF611	(MRP-L27)(MRP-L47)1
5aj4-IF612	(MRP-L27)(MRP-L47)1
5mrf-IF613	(MRP-L27)(MRP-L47)1
5mre-IF614	(MRP-L27)(MRP-L47)1
5mrc-IF615	(MRP-L27)(MRP-L47)1
3j6b-IF616	(MRP-L27)(MRP-L47)1
6xyw-IF617	(MRP-L27)(MRP-L47)1
6nu2-IF618	(MRP-L27)(MRP-L47)1
5oom-IF619	(MRP-L27)(MRP-L47)1
5ool-IF620	(MRP-L27)(MRP-L47)1
3j9m-IF621	(MRP-L27)(MRP-L47)1
3j7y-IF622	(MRP-L27)(MRP-L47)1
7zeb-IF623	(NDUF_B7)(NDUF_B8)1
7zdp-IF624	(NDUF_B7)(NDUF_B8)1
7zdm-IF625	(NDUF_B7)(NDUF_B8)1
7zdj-IF626	(NDUF_B7)(NDUF_B8)1
7zdh-IF627	(NDUF_B7)(NDUF_B8)1
7zd6-IF628	(NDUF_B7)(NDUF_B8)1
7vwl-IF629	(NDUF_B7)(NDUF_B8)1
7vc0-IF630	(NDUF_B7)(NDUF_B8)1
7vbp-IF631	(NDUF_B7)(NDUF_B8)1
7vbl-IF632	(NDUF_B7)(NDUF_B8)1
7v3m-IF633	(NDUF_B7)(NDUF_B8)1
7v33-IF634	(NDUF_B7)(NDUF_B8)1
7v32-IF635	(NDUF_B7)(NDUF_B8)1
7v31-IF636	(NDUF_B7)(NDUF_B8)1
7v30-IF637	(NDUF_B7)(NDUF_B8)1
7v2r-IF638	(NDUF_B7)(NDUF_B8)1
7v2k-IF639	(NDUF_B7)(NDUF_B8)1
7v2h-IF640	(NDUF_B7)(NDUF_B8)1
7v2f-IF641	(NDUF_B7)(NDUF_B8)1
7v2e-IF642	(NDUF_B7)(NDUF_B8)1
7v2d-IF643	(NDUF_B7)(NDUF_B8)1
7v2c-IF644	(NDUF_B7)(NDUF_B8)1
7qso-IF645	(NDUF_B7)(NDUF_B8)1
7qsn-IF646	(NDUF_B7)(NDUF_B8)1
7qsm-IF647	(NDUF_B7)(NDUF_B8)1
7qsl-IF648	(NDUF_B7)(NDUF_B8)1
7qsk-IF649	(NDUF_B7)(NDUF_B8)1
7qsd-IF650	(NDUF_B7)(NDUF_B8)1
7psa-IF651	(NDUF_B7)(NDUF_B8)1
7b93-IF652	(NDUF_B7)(NDUF_B8)1
7b0n-IF653	(NDUF_B7)(NDUF_B8)1
6g2j-IF654	(NDUF_B7)(NDUF_B8)1
6rfr-IF655	(NDUF_B7)(NDUF_B8)1
6rfq-IF656	(NDUF_B7)(NDUF_B8)1
6qc3-IF657	(NDUF_B7)(NDUF_B8)1
7o71-IF658	(NDUF_B7)(NDUF_B8)1
7o6y-IF659	(NDUF_B7)(NDUF_B8)1
7ak6-IF660	(NDUF_B7)(NDUF_B8)1
7ak5-IF661	(NDUF_B7)(NDUF_B8)1
6ztq-IF662	(NDUF_B7)(NDUF_B8)1
6zr2-IF663	(NDUF_B7)(NDUF_B8)1
6zkv-IF664	(NDUF_B7)(NDUF_B8)1
6zku-IF665	(NDUF_B7)(NDUF_B8)1
6zkt-IF666	(NDUF_B7)(NDUF_B8)1
6zks-IF667	(NDUF_B7)(NDUF_B8)1
6zkr-IF668	(NDUF_B7)(NDUF_B8)1
6zkq-IF669	(NDUF_B7)(NDUF_B8)1
6zkp-IF670	(NDUF_B7)(NDUF_B8)1
6zko-IF671	(NDUF_B7)(NDUF_B8)1
6zkn-IF672	(NDUF_B7)(NDUF_B8)1
6zkm-IF673	(NDUF_B7)(NDUF_B8)1
6zkl-IF674	(NDUF_B7)(NDUF_B8)1
6zkk-IF675	(NDUF_B7)(NDUF_B8)1
6zkj-IF676	(NDUF_B7)(NDUF_B8)1
6zki-IF677	(NDUF_B7)(NDUF_B8)1
6zkh-IF678	(NDUF_B7)(NDUF_B8)1
6zkg-IF679	(NDUF_B7)(NDUF_B8)1
6zkf-IF680	(NDUF_B7)(NDUF_B8)1
6zke-IF681	(NDUF_B7)(NDUF_B8)1
6zkd-IF682	(NDUF_B7)(NDUF_B8)1
6zkc-IF683	(NDUF_B7)(NDUF_B8)1
6zkb-IF684	(NDUF_B7)(NDUF_B8)1
6zka-IF685	(NDUF_B7)(NDUF_B8)1
6yj4-IF686	(NDUF_B7)(NDUF_B8)1
6y79-IF687	(NDUF_B7)(NDUF_B8)1
5xti-IF688	(NDUF_B7)(NDUF_B8)1
5xth-IF689	(NDUF_B7)(NDUF_B8)1
5xtd-IF690	(NDUF_B7)(NDUF_B8)1
5xtc-IF691	(NDUF_B7)(NDUF_B8)1
6rfs-IF692	(NDUF_B7)(NDUF_B8)1
6qcf-IF693	(NDUF_B7)(NDUF_B8)1
6qca-IF694	(NDUF_B7)(NDUF_B8)1
6qc9-IF695	(NDUF_B7)(NDUF_B8)1
6qc8-IF696	(NDUF_B7)(NDUF_B8)1
6qc7-IF697	(NDUF_B7)(NDUF_B8)1
6qc6-IF698	(NDUF_B7)(NDUF_B8)1
6qc5-IF699	(NDUF_B7)(NDUF_B8)1
6qc4-IF700	(NDUF_B7)(NDUF_B8)1
6qc2-IF701	(NDUF_B7)(NDUF_B8)1
6qbx-IF702	(NDUF_B7)(NDUF_B8)1
6qa9-IF703	(NDUF_B7)(NDUF_B8)1
6q9b-IF704	(NDUF_B7)(NDUF_B8)1
6g72-IF705	(NDUF_B7)(NDUF_B8)1
7dkf-IF707	(NDUF_B7)(NDUF_B8)2
7dh0-IF708	(NDUF_B7)(NDUF_B8)2
7dgz-IF709	(NDUF_B7)(NDUF_B8)2
7dgs-IF710	(NDUF_B7)(NDUF_B8)2
7dgr-IF711	(NDUF_B7)(NDUF_B8)2
7dgq-IF712	(NDUF_B7)(NDUF_B8)2
5lnk-IF713	(NDUF_B7)(NDUF_B8)2
7ohx-IF714	(Nop52)(Ribosomal_L28e)1
7ohw-IF715	(Nop52)(Ribosomal_L28e)1
7ohs-IF716	(Nop52)(Ribosomal_L28e)1
6em1-IF717	(Nop52)(Ribosomal_L28e)1
5z3g-IF718	(Nop52)(Ribosomal_L28e)1
6cb1-IF719	(Nop52)(Ribosomal_L28e)1
6c0f-IF720	(Nop52)(Ribosomal_L28e)1
7wot-IF722	(Nsp1_C)(Nup54)1
7woo-IF724	(Nsp1_C)(Nup54)1
7wkk-IF728	(Nsp1_C)(Nup54)1
7tbm-IF729	(Nsp1_C)(Nup54)1
7tbl-IF730	(Nsp1_C)(Nup54)1
7tbk-IF731	(Nsp1_C)(Nup54)1
7tbj-IF732	(Nsp1_C)(Nup54)1
7tbi-IF733	(Nsp1_C)(Nup54)1
7r5k-IF734	(Nsp1_C)(Nup54)1
7r5j-IF735	(Nsp1_C)(Nup54)1
7n9f-IF739	(Nsp1_C)(Nup54)1
7n85-IF743	(Nsp1_C)(Nup54)1
7per-IF744	(Nsp1_C)(Nup54)1
5ijo-IF745	(Nsp1_C)(Nup54)1
5ijn-IF746	(Nsp1_C)(Nup54)1
5cws-IF747	(Nsp1_C)(Nup54)1
5c3l-IF748	(Nsp1_C)(Nup54)1
6bcb-IF897	(PH_16)(Ras)1
6bca-IF898	(PH_16)(Ras)1
6bc1-IF900	(PH_16)(Ras)1
6bc0-IF901	(PH_16)(Ras)1
3kz1-IF902	(PH_16)(Ras)1
1x86-IF906	(PH_16)(Ras)2
5jhh-IF907	(PH_16)(Ras)2
1xcg-IF908	(PH_16)(Ras)2
5jhg-IF912	(PH_16)(Ras)2
3t06-IF913	(PH_16)(Ras)2
6bcb-IF915	(PH_16)(Ras)3
6bca-IF917	(PH_16)(Ras)3
4l23-IF918	(PI3_PI4_kinase)(SH2)1
5xgi-IF919	(PI3_PI4_kinase)(SH2)1
4l1b-IF920	(PI3_PI4_kinase)(SH2)1
4l2y-IF921	(PI3_PI4_kinase)(SH2)1
5xgh-IF922	(PI3_PI4_kinase)(SH2)1
5xgj-IF923	(PI3_PI4_kinase)(SH2)1
7blo-IF932	(PX)(Vps26)1
5f0j-IF933	(PX)(Vps26)1
5f0p-IF934	(PX)(Vps26)1
5f0l-IF935	(PX)(Vps26)1
5f0m-IF936	(PX)(Vps26)1
5f0j-IF938	(PX)(Vps26)2
5f0p-IF939	(PX)(Vps26)2
5f0l-IF940	(PX)(Vps26)2
5f0m-IF941	(PX)(Vps26)2
7rje-IF782	(Peptidase_M16)(UCR_14kD)1
7rja-IF783	(Peptidase_M16)(UCR_14kD)1
7dkf-IF784	(Peptidase_M16)(UCR_14kD)1
7dgs-IF786	(Peptidase_M16)(UCR_14kD)1
7dgr-IF787	(Peptidase_M16)(UCR_14kD)1
7dgq-IF788	(Peptidase_M16)(UCR_14kD)1
7o3h-IF789	(Peptidase_M16)(UCR_14kD)1
7o3e-IF791	(Peptidase_M16)(UCR_14kD)1
7o3c-IF792	(Peptidase_M16)(UCR_14kD)1
7o37-IF793	(Peptidase_M16)(UCR_14kD)1
6zft-IF794	(Peptidase_M16)(UCR_14kD)1
6haw-IF795	(Peptidase_M16)(UCR_14kD)1
6zfu-IF796	(Peptidase_M16)(UCR_14kD)1
6qc3-IF798	(Peptidase_M16)(UCR_14kD)1
7jrp-IF799	(Peptidase_M16)(UCR_14kD)1
7jrg-IF800	(Peptidase_M16)(UCR_14kD)1
6ymx-IF802	(Peptidase_M16)(UCR_14kD)1
3l75-IF804	(Peptidase_M16)(UCR_14kD)1
3h1k-IF806	(Peptidase_M16)(UCR_14kD)1
3l72-IF808	(Peptidase_M16)(UCR_14kD)1
3l73-IF809	(Peptidase_M16)(UCR_14kD)1
3l74-IF811	(Peptidase_M16)(UCR_14kD)1
2a06-IF812	(Peptidase_M16)(UCR_14kD)1
1ppj-IF813	(Peptidase_M16)(UCR_14kD)1
6hu9-IF814	(Peptidase_M16)(UCR_14kD)1
6giq-IF815	(Peptidase_M16)(UCR_14kD)1
6fo2-IF816	(Peptidase_M16)(UCR_14kD)1
6fo0-IF817	(Peptidase_M16)(UCR_14kD)1
5xte-IF818	(Peptidase_M16)(UCR_14kD)1
5okd-IF819	(Peptidase_M16)(UCR_14kD)1
6xvf-IF820	(Peptidase_M16)(UCR_14kD)1
6zfs-IF821	(Peptidase_M16)(UCR_14kD)1
7r3v-IF822	(Peptidase_M16)(UCR_14kD)1
5nmi-IF823	(Peptidase_M16)(UCR_14kD)1
4d6u-IF824	(Peptidase_M16)(UCR_14kD)1
4d6t-IF825	(Peptidase_M16)(UCR_14kD)1
5luf-IF826	(Peptidase_M16)(UCR_14kD)1
4pd4-IF827	(Peptidase_M16)(UCR_14kD)1
3cxh-IF828	(Peptidase_M16)(UCR_14kD)1
3cx5-IF829	(Peptidase_M16)(UCR_14kD)1
1kyo-IF830	(Peptidase_M16)(UCR_14kD)1
1ezv-IF831	(Peptidase_M16)(UCR_14kD)1
1kb9-IF832	(Peptidase_M16)(UCR_14kD)1
1p84-IF833	(Peptidase_M16)(UCR_14kD)1
2ibz-IF834	(Peptidase_M16)(UCR_14kD)1
2bcc-IF835	(Peptidase_M16)(UCR_14kD)1
1pp9-IF836	(Peptidase_M16)(UCR_14kD)1
1bgy-IF837	(Peptidase_M16)(UCR_14kD)1
1bcc-IF838	(Peptidase_M16)(UCR_14kD)1
6t15-IF839	(Peptidase_M16)(UCR_14kD)1
6t0b-IF840	(Peptidase_M16)(UCR_14kD)1
2ybb-IF841	(Peptidase_M16)(UCR_14kD)1
6fo6-IF842	(Peptidase_M16)(UCR_14kD)1
5xti-IF843	(Peptidase_M16)(UCR_14kD)1
5xth-IF844	(Peptidase_M16)(UCR_14kD)1
6qc4-IF848	(Peptidase_M16)(UCR_14kD)1
6qc2-IF850	(Peptidase_M16)(UCR_14kD)1
6qbx-IF852	(Peptidase_M16)(UCR_14kD)1
6q9e-IF854	(Peptidase_M16)(UCR_14kD)1
5gup-IF860	(Peptidase_M16)(UCR_14kD)1
5gpn-IF862	(Peptidase_M16)(UCR_14kD)1
4u3f-IF864	(Peptidase_M16)(UCR_14kD)1
3l70-IF866	(Peptidase_M16)(UCR_14kD)1
3bcc-IF868	(Peptidase_M16)(UCR_14kD)1
3tgu-IF870	(Peptidase_M16)(UCR_14kD)1
4a4b-IF924	(Prok-RING_4)(UQ_con)1
4a4c-IF925	(Prok-RING_4)(UQ_con)1
1fbv-IF926	(Prok-RING_4)(UQ_con)1
3zni-IF927	(Prok-RING_4)(UQ_con)1
4a49-IF931	(Prok-RING_4)(UQ_con)1
7xti-IF965	(SPT16)(SSrecog)1
7xtd-IF966	(SPT16)(SSrecog)1
7xt7-IF967	(SPT16)(SSrecog)1
7xsx-IF968	(SPT16)(SSrecog)1
7nky-IF969	(SPT16)(SSrecog)1
6upk-IF970	(SPT16)(SSrecog)1
4khb-IF971	(SPT16)(SSrecog)1
6upl-IF972	(SPT16)(SSrecog)1
7m6t-IF942	(Skp1_POZ)(SOCS_box)1
6v9h-IF943	(Skp1_POZ)(SOCS_box)1
6i5n-IF944	(Skp1_POZ)(SOCS_box)1
6i5j-IF945	(Skp1_POZ)(SOCS_box)1
6i4x-IF946	(Skp1_POZ)(SOCS_box)1
6c5x-IF948	(Skp1_POZ)(SOCS_box)1
5bo4-IF952	(Skp1_POZ)(SOCS_box)1
4jgh-IF953	(Skp1_POZ)(SOCS_box)1
2jz3-IF954	(Skp1_POZ)(SOCS_box)1
2izv-IF955	(Skp1_POZ)(SOCS_box)1
2c9w-IF956	(Skp1_POZ)(SOCS_box)1
3zng-IF958	(Skp1_POZ)(SOCS_box)1
3zkj-IF960	(Skp1_POZ)(SOCS_box)1
7n88-IF976	(TbpB_B_D)(Transferrin)1
7jrd-IF977	(TbpB_B_D)(Transferrin)1
1fle-IF978	(Trypsin)(WAP)1
4doq-IF979	(Trypsin)(WAP)1
2z7f-IF981	(Trypsin)(WAP)1
6gsm-IF274	(eIF-5_eIF-2B)(GTP_EFTU)1
7ase-IF275	(eIF-5_eIF-2B)(GTP_EFTU)1
6zp4-IF276	(eIF-5_eIF-2B)(GTP_EFTU)1
6ybv-IF277	(eIF-5_eIF-2B)(GTP_EFTU)1
6gsn-IF278	(eIF-5_eIF-2B)(GTP_EFTU)1
7qp6-IF279	(eIF-5_eIF-2B)(GTP_EFTU)1
6zmw-IF280	(eIF-5_eIF-2B)(GTP_EFTU)1
7a09-IF281	(eIF-5_eIF-2B)(GTP_EFTU)1
6fyx-IF282	(eIF-5_eIF-2B)(GTP_EFTU)1
3jaq-IF283	(eIF-5_eIF-2B)(GTP_EFTU)1
3jap-IF284	(eIF-5_eIF-2B)(GTP_EFTU)1
6fyy-IF285	(eIF-5_eIF-2B)(GTP_EFTU)1
6qg3-IF286	(eIF-5_eIF-2B)(GTP_EFTU)1
5jbh-IF287	(eIF-5_eIF-2B)(GTP_EFTU)1
2dcu-IF288	(eIF-5_eIF-2B)(GTP_EFTU)2
2d74-IF289	(eIF-5_eIF-2B)(GTP_EFTU)2
2d74-IF291	(eIF-5_eIF-2B)(GTP_EFTU)3
2dcu-IF292	(eIF-5_eIF-2B)(GTP_EFTU)4
2d74-IF293	(eIF-5_eIF-2B)(GTP_EFTU)4
